0.010266997	-0.0006680265	0.0011104234	0.026540887	0.0033441782
0.024879541	-0.55414796	0.79415727	-0.39536956	0.48911923
-0.32176316	-0.22563949	0.19190241	-0.16440539	0.48427916
-0.77422434	-0.53290766	0.3663637	-0.5613826	0.6246402
-0.49539864	-0.546022	0.7922407	-0.7431724	0.5236272
-0.8697698	-0.9808077	1.4025947	-1.5099865	0.631845
-0.07946262	-0.20187005	0.3390526	-0.23396903	0.33530182
0.31675655	0.07562246	-0.13030748	0.23974277	0.22125934
0.47053054	-0.52354276	0.7131725	-0.3383833	0.27591297
-0.073190466	-0.073471166	-0.3710209	0.16646527	0.2272193
0.5275879	-0.26312685	0.3048928	-0.07021063	0.1957353
0.31494188	-0.0051021944	-0.6466113	0.982966	0.36028552
0.08897295	-0.1708369	0.09765614	0.03387194	0.29939172
0.6202589	-0.043949574	-0.571961	1.0655985	0.3284072
0.1620422	-1.2040524	0.3574703	-0.36704952	0.814911
-0.09383011	-0.24328089	-0.03472143	0.04269273	0.41853198
0.18626964	-0.2827369	-0.18167967	0.2981794	0.4301517
0.1947523	0.2293487	-0.21009465	0.19692656	-0.13915983
-0.5488925	-0.5101453	0.6318454	-0.8799548	0.30207855
0.1348105	-0.06325461	-0.031982783	0.22224806	0.20619908
0.5848561	-0.25096723	0.3144355	0.16205785	0.24356495
-0.1502753	0.10131651	0.034182217	-0.2749625	-0.21661398
0.7946893	-0.43861043	0.34682924	0.14438662	0.24348244
0.2181037	-0.38784125	0.45224935	-0.34645078	0.120810755
-0.42417443	-0.39573056	-0.11354143	-0.11677068	0.48283705
0.06248621	-0.32678965	-0.23338547	0.38583097	0.54090405
0.3520293	-0.050508916	0.25964412	-0.005005873	-0.004413376
0.20313007	-0.1322686	0.5951993	-0.4041272	-0.06306673
0.37221476	0.28802606	-0.2865297	0.25383216	-0.19762893
0.26700976	-0.11901268	0.20581284	-0.09959995	0.12344815
-0.14288542	-0.15713716	0.50396955	-0.39790398	0.028493714
0.15270713	-0.17705448	0.408038	-0.26942036	0.06414404
-0.43705687	-0.26721662	0.21451594	-0.30443373	0.2779175
0.112392895	0.04294847	0.216944	-0.05758955	0.007147329
-0.056089893	-0.24209706	-0.06965649	0.023250677	0.29835707
-0.0033790471	-0.31267312	-0.033788096	0.18173347	0.3561446
0.7140811	-0.5216803	0.49091882	-0.04419847	0.28951424
0.14170204	-0.07353783	-0.19237754	0.19635352	0.14383277
-0.14078493	-0.075334534	0.2790205	-0.4494607	0.07998852
-0.048414048	-0.018321414	-0.35346535	0.27673694	0.19075957
0.021255389	-0.5599326	0.3248493	-0.024476403	0.5100663
0.507967	-0.08909083	0.50932235	-0.23734178	-0.1648639
-0.14255959	-0.072330184	-0.010330462	0.021434471	0.2596657
0.4728481	0.03746565	0.20907563	0.040787887	-0.002660064
0.24875742	0.013995096	0.4866497	-0.41207308	-0.20706688
-0.15225434	-0.48588917	0.3917533	-0.28697398	0.4136019
-0.758389	-0.85812515	0.14944392	-0.39640394	0.85885423
0.0515973	0.16121008	0.0740856	-0.10501508	-0.22864617
0.13405915	-0.4934877	0.41703695	-0.08085495	0.39951456
0.12547413	-0.344423	0.5764402	-0.32165673	0.22863545
0.03001745	0.22013125	0.030907499	-0.1022341	-0.17237684
-0.23223037	-0.18732202	0.23571749	-0.22296642	0.2763321
0.53150713	0.048645567	0.36872026	0.018022928	-0.13146727
-0.33088195	0.20049739	-0.34758052	0.105944544	-0.06362448
0.38565925	-0.29043213	-0.17053051	0.5684257	0.39833772
0.3240757	-0.1301726	0.3416732	0.006054911	0.05960037
0.14561231	-0.3648768	0.11095054	0.11613419	0.52402353
0.5004801	-0.17640276	-0.12211695	0.4206514	0.19008532
0.72878957	0.12756442	-0.09895142	0.33934337	-0.14637068
0.108534396	-0.14678825	0.12877476	-0.10071338	0.12169778
0.22331192	-0.04207533	0.39681196	-0.1553533	-0.067426845
0.067549124	-0.15665041	0.0069395434	0.1056911	0.2363295
0.08547828	-0.17170493	0.3419781	-0.12986493	0.053840455
0.48920974	0.37350097	-0.31139758	0.3713596	-0.14627297
-0.009032112	-0.37410772	0.20846231	0.057720363	0.38120756
-0.05589702	0.32818612	-0.27068806	0.039627224	-0.25836962
0.32261923	0.08870875	0.22305696	0.346342	-0.021682844
0.13202697	-0.017909452	0.6007689	-0.11712451	-0.09223593
-0.17268924	-0.21146367	0.22843516	-0.23158388	0.14903276
-0.39687312	-0.15201755	-0.09579198	-0.17588216	0.116856016
0.26047626	-0.29827896	0.023218958	0.46621984	0.3360115
0.031561013	-0.003190342	0.1810156	-0.15449478	0.010118016
0.4449492	-0.102766894	0.14202353	0.1647577	0.21396825
0.44637486	-0.25062558	0.5218516	0.059175372	0.086234555
-0.18977442	0.326407	-0.3180859	-0.031569205	-0.17651711
-0.078022584	0.28473905	-0.20080534	-0.031394143	-0.2791533
0.21573749	-0.5218899	0.5754583	-0.21787815	0.50629663
0.09838841	0.50492954	-0.34634838	-0.0042543137	-0.32937488
0.09752501	-0.17394027	0.5087783	-0.3267544	0.0388171
0.022171333	-0.18856052	-0.18336152	0.18146086	0.2973587
0.44549164	0.0113864355	0.0034752702	0.24031326	0.1757638
-0.21063761	-0.14440052	0.13262086	-0.19751775	0.14668459
-0.1422914	-0.37031952	-0.0766197	0.019330489	0.49090362
-0.35227385	-0.29363477	-0.25352743	-0.4536382	0.28799298
0.19277403	-0.07597176	0.29148895	-0.15981998	-0.133585
-0.33831128	-0.3968446	-0.22959012	0.1196166	0.49311346
-0.3716982	-0.124828056	-0.1472239	-0.027419746	0.20467468
-0.006423165	-0.4974039	0.31183615	-0.20337221	0.4824068
0.26752675	-0.40321898	0.49943104	-0.09004424	0.13068698
-0.057533637	-0.0008804492	0.3869702	-0.3905602	-0.11272575
0.34482569	-0.10606496	0.010467396	0.33522663	0.15761825
0.37525052	-0.13143438	-0.031192238	0.18908487	0.21910429
0.37771237	-0.12127827	0.062394537	0.27348173	0.06663239
0.4658727	0.07390977	0.3663343	-0.11847035	-0.102427974
0.26929936	-0.75013	0.712546	-0.3686557	0.498326
0.32791188	-0.07632776	0.30129042	-0.23006178	0.044637986
-0.07573841	-0.15638201	-0.07368192	0.13093379	0.28116253
0.39046237	-0.119783774	0.08707067	0.23560096	0.18331859
-0.22573571	-0.15992749	-0.06805689	-0.028947238	0.4084453
-0.021020846	0.049778875	-0.12424856	-0.0071819145	0.040309485
-0.025126344	-0.5824956	0.29076758	-0.13879558	0.41893968
-0.21000978	0.19410065	-0.10497969	-0.12794147	-0.1477153
-0.2391843	-0.23191437	-0.06502767	0.04502101	0.35798618
0.48006424	0.01293121	0.15875268	0.28495693	-0.025969831
0.2515945	0.03541442	-0.041176073	0.3029983	-0.011749741
0.5110002	-0.14429648	0.35096973	0.04097728	0.14408839
0.116854884	0.20748691	-0.19181423	0.14366722	0.17848307
-0.19809736	-0.3090643	-0.26503024	0.19250263	0.3122846
1.1409907	0.7373984	-0.9986678	1.1686045	-0.46721852
-0.11156012	-0.5792997	-0.13840665	0.05203339	0.5361313
0.26687005	-0.38732687	0.034197222	0.21220103	0.27365792
-0.23499858	0.7145145	-0.079852544	-0.4286851	-0.71966654
-0.83483326	0.70931005	-0.58296794	-0.46401548	-0.56031173
0.1028885	-0.25174057	0.24797675	0.04116512	0.23786101
0.072397575	0.42809626	-0.30802232	-0.041334227	-0.48576334
0.49378616	-0.20925793	0.4006554	0.012054287	0.10546494
-0.14502662	-0.20743583	0.050465155	-0.07265522	0.27539223
0.5032529	-0.05930531	0.50421137	-0.40133005	-0.058005933
0.42239198	0.025057267	-0.14993094	0.229624	0.07842785
-0.11361247	-0.057199903	0.124897026	-0.29311582	0.041034546
-0.20287673	-0.6162509	0.3294732	-0.17778754	0.6020592
-0.058702625	-0.26875857	-0.20467415	0.33892414	0.38102946
-0.4884276	0.0010667221	0.07146301	-0.35683742	0.049433876
-0.033531554	-0.36337173	0.10294698	0.07973729	0.32694483
0.16171487	-0.42255658	0.43865317	0.10875603	0.33066624
0.42246902	-0.28867343	0.52040553	-0.015290331	0.10564391
0.39263406	0.12231452	0.3128263	0.004685947	-0.28916708
0.06164431	0.097753994	-0.12935145	0.1487512	0.036919188
0.1528426	0.13031451	-0.06405514	0.14144999	-0.0945342
0.046588495	-0.23489317	-0.07232209	0.0903964	0.35775238
-0.16301997	-0.2542351	0.26135105	-0.11879804	0.24408796
0.21583365	-0.13215606	0.17994574	0.12818854	0.1887603
0.019639567	-0.6614338	0.49356773	-0.2652102	0.40632445
0.3679649	0.25030684	0.16744688	-0.09587603	-0.43277672
0.27434155	-0.12725288	-0.07831828	0.19916627	0.1891412
0.42672956	0.08263991	0.054350927	0.0857936	-0.030878523
0.39469674	-0.42707822	0.15519114	0.28257102	0.26083323
-0.31878912	0.49833563	-0.57174146	0.25534523	-0.13358173
-0.3031593	-0.23562561	0.36380437	-0.45075217	0.112524375
0.19185822	-0.4580189	0.24363817	0.055219844	0.51206255
0.20388423	-0.2872604	0.42569888	-0.37848583	0.28621483
-0.365543	-0.15707006	0.48302677	-0.51789415	-0.025336912
0.05212274	-0.24634153	0.004144031	0.110741585	0.34331772
0.32587406	0.036083773	0.028660893	0.25471616	-0.0057748924
-0.032817174	0.0027751501	-0.43005872	0.3078227	0.292936
-0.22075494	-0.11347555	0.048244204	-0.14835256	0.17128626
-0.07698936	-0.047759738	0.006856324	-0.016443357	0.10921374
0.2588299	-0.07438305	-0.19143198	0.34112716	0.16501676
-0.01569255	-0.5270355	0.30300745	-0.10539935	0.3180354
0.05838654	0.3248509	-0.14600028	-0.07073952	-0.33145162
0.34155253	-0.044894695	-0.08647413	0.2130033	0.15146226
0.7333033	-0.11106113	0.37168393	0.0815828	0.17711738
-0.27204528	0.296229	-0.34513718	0.020754138	-0.17936447
0.3519285	0.02433321	-0.12854654	0.24641083	0.08116898
0.6606142	0.044688202	0.12808216	0.1308515	-0.0016243813
0.14635575	0.3005171	-0.19849385	0.26506022	-0.10824713
0.24235526	-0.31659645	0.24408369	0.124695815	0.32909682
-0.26436475	-0.14348772	-0.29406923	0.047295637	0.39737758
0.46157616	0.064992934	-0.01489421	0.19719684	-0.033202905
0.20832771	-0.22637089	-0.14356805	0.22130673	0.24338804
0.16760832	-0.16015291	-0.1695626	0.31097123	0.236184
0.12960956	-0.26795793	-0.47560143	0.68787515	0.47924462
0.18122749	-0.11110249	-0.06999201	0.10515204	0.2583808
0.7345959	0.18485832	-0.16744316	0.36915344	-0.17171407
0.09743986	0.11424377	-0.06290645	0.040090423	-0.1006782
-0.060048085	0.081619464	-0.11040416	0.03346178	0.121794894
0.4582775	-0.1259991	0.33319995	-0.09192676	0.0050649964
0.3498412	0.06733716	-0.25215	0.33230233	0.05248237
-0.05122753	0.040481508	0.30483082	-0.2577177	-0.17494641
-0.020536246	-0.35152242	-0.07302674	0.28924236	0.44057152
0.28046697	-0.3418316	0.2556697	0.24441427	0.28313938
0.6196735	-0.6118604	0.57444155	0.13178289	0.25419205
0.38963234	-0.26492873	0.0043951296	0.2763428	0.18174016
0.014074679	-0.042678226	-0.03399727	-0.0024660327	0.1959282
-0.052051045	-0.43698776	-0.038742326	0.08132049	0.4227923
-0.040175524	-0.27099252	0.23943156	-0.21474244	0.19570442
0.25882116	-0.2979591	0.02842971	0.41380358	0.37864012
0.40557986	-0.31413853	0.37056935	0.16940302	0.11739902
0.4543619	-0.005371747	-0.14603883	0.39371005	0.06645585
-0.10004876	-0.22387676	-0.11555486	0.21730871	0.37222314
0.013583182	-0.47039753	-0.14700224	0.39696154	0.56364274
0.3106364	0.22634727	-0.035530526	0.11523738	0.004334091
-0.6743959	-0.7185953	0.4375288	-0.49180487	0.70846343
0.3694108	-0.46869847	0.37926397	0.08104245	0.26620507
0.026134972	-0.48719478	0.2126839	-0.12968528	0.43430978
0.00959559	-0.054794323	-0.0677748	0.049755834	0.07005062
0.20116007	0.114647314	-0.0014156619	0.12295555	-0.13175038
0.2263108	-0.05704739	-0.23610005	0.2431834	0.24807179
0.03595233	0.3167408	-0.34044278	0.23862454	-0.18467894
0.06891928	0.07664753	-0.24138741	0.22764808	0.018387705
-0.09840336	0.14541045	-0.08498998	0.061572302	-0.0011000993
0.19577865	-0.022622438	0.09947229	0.03279225	0.047883395
0.16897677	-0.14984338	0.19130409	0.15006548	0.08967222
0.10775543	-0.31224942	0.2849188	-0.24497822	0.13566919
0.4581281	0.3133979	0.119526036	-0.16232689	-0.4505157
-0.2938155	-0.013747454	-0.3599417	0.16653942	0.040797215
-0.29997894	-0.39501452	-0.11048277	0.123666316	0.37727365
-0.29468125	-0.058713254	0.027947951	-0.13123049	0.009239241
-0.055531863	-0.30309078	0.29682872	-0.217278	0.23563574
0.38575247	0.067750834	0.069835044	0.0806113	-0.069461524
0.09694051	0.10389042	-0.15500176	0.13653238	-0.082325146
0.30248877	-0.37560284	0.42016196	-0.32759628	0.29168382
-0.12864693	-0.19358794	-0.20113745	0.12524253	0.21119821
-0.4712306	-0.5710932	-0.2027323	-0.0053857216	0.58697784
0.0052546626	0.1736502	-0.27942953	0.07515979	-0.1913797
0.2908482	0.046672598	0.11063183	-0.0945323	-0.030355696
0.23155868	0.19893515	-0.053367402	-0.047728132	-0.17289902
0.10976733	-0.19273716	0.17016268	0.13658915	0.2862977
-0.31079963	-0.4324516	-0.24290946	0.26236147	0.51855165
-0.075952776	0.42582703	-0.42815235	0.3232614	-0.3070185
0.13377626	0.308036	-0.3479625	0.26716816	-0.111978695
-0.13576733	-0.23531315	-0.3834521	0.3501212	0.36762878
-0.17306393	-0.17503099	-0.05689713	0.10361523	0.21276192
0.36246115	-0.15343386	0.30993062	-0.21034507	0.13694982
-0.017389776	-0.09342669	0.071553424	-0.061297867	0.19171943
-0.41686508	-0.31931502	0.35939047	-0.38632336	0.22222075
-0.15083024	-0.11151812	0.18437001	-0.24438426	0.07405114
0.0062185368	-0.16275112	0.13886707	-0.10778085	0.21152847
0.7459869	0.5078424	-0.5589682	0.75868315	-0.4161775
-0.301753	-0.25014666	-0.16394746	0.13062054	0.43332806
0.570257	0.38235348	-0.2131981	0.37003845	-0.35403588
0.002655722	0.27888393	-0.29242328	0.16380091	-0.09362277
0.043643244	-0.4214757	-0.0400543	0.17307296	0.46011785
-0.5689482	0.13490625	-0.035368335	-0.49377355	-0.24125132
0.34483764	-0.053470217	0.24826536	-0.031489708	0.1220541
-0.042549033	-0.37523654	0.31126818	-0.22178185	0.3817122
-0.10108498	0.04878448	-0.02586838	-0.24990302	-0.036968727
0.4190288	-0.101148196	0.40205202	-0.118345045	-0.116232835
-0.013201842	-0.053482387	-0.10339895	0.023202283	0.046675365
0.069949575	0.15217741	-0.19481142	0.1770385	-0.036178693
0.030238256	0.25228116	-0.19618061	0.0028663469	-0.034796756
0.10021703	0.039774437	-0.27022684	0.3324975	0.10116556
0.33660892	0.19432317	0.43424237	0.28793055	-0.24332285
-0.1990555	-0.20796455	0.15246451	-0.17275509	0.19330941
0.2584497	-0.054851126	0.16418608	0.25266206	0.046144996
-0.13518351	0.19798079	0.06342928	-0.27458078	-0.3404974
-0.122031204	-0.026751857	-0.4823272	0.43348816	0.23170003
0.3855863	-0.2929881	0.41328055	0.11971392	-0.05232883
-0.09226662	-0.44766065	-0.009358775	0.34603846	0.48635694
-0.11182151	-0.34589168	0.45976418	-0.26175347	0.110077105
-0.5248688	-0.4417077	0.38346317	-0.49626905	0.38400885
-0.6334404	0.4461879	-0.2000255	-0.48310715	-0.3545193
-0.06886863	-0.3912491	0.5431213	-0.3594747	0.18288477
0.14015682	0.18577409	-0.21571922	0.1564532	-0.08301379
0.030397754	-0.25280517	0.3067233	-0.21708317	0.11815288
-0.16057085	-0.2853751	-0.19931087	0.032429032	0.34039798
0.22115827	-0.45588955	0.36051545	-0.035661545	0.13757862
-0.20433955	0.45659345	-0.5308935	0.12508577	-0.38792178
0.437564	0.065507576	0.068012774	0.07853995	-0.09374703
0.5412964	0.0053690895	0.28038815	0.26226252	-0.10516267
0.31189358	-0.35085258	0.46576157	-0.06767208	0.06783116
0.46942806	-0.07630315	0.25035274	-0.11861444	0.09819445
-0.064991005	0.7623495	-0.80129325	0.35531822	-0.4219982
0.003250555	-0.031197084	-0.014871823	0.033682633	0.02669221
0.17680052	0.15715587	-0.26761803	0.21950206	-0.09590418
-0.052217368	-0.19803607	0.45979714	-0.34249207	0.0954736
-0.57319665	-0.45145577	0.7109329	-0.72216326	0.017023927
0.63548076	0.26061037	-0.07882151	0.2549783	-0.3238042
-0.15083197	-0.20456548	-0.0722111	0.0551447	0.22774823
-0.19252068	-0.17940533	0.15317863	-0.21595173	0.11842742
0.4130732	0.08424633	-0.16750269	0.4945644	0.16712266
0.5160669	-0.32301694	0.4543578	-0.22172813	0.26531625
-0.25849184	0.5403344	-0.08448281	-0.39413133	-0.55526125
-0.16494776	-0.1570549	0.23563424	-0.30964065	0.12342461
-0.31842738	-0.45182598	0.61151016	-0.47615182	0.0724269
-0.25671783	-0.14395668	0.21155983	-0.33079538	0.15929909
-0.25130415	-0.2573603	0.3798852	-0.32873544	0.1449544
0.22092655	0.034801286	-0.1729497	0.25751144	0.096892916
0.25881132	-0.009027181	0.39769104	0.15951432	-0.120818555
-0.074747674	-0.13131759	0.11863336	-0.12904264	0.093377575
0.14480853	-0.31237924	0.06330334	0.14773685	0.2586005
-0.1289186	-0.092191726	0.19636258	-0.18480957	0.049859647
-0.07957141	-0.09953865	0.163918	-0.19732668	0.11934508
-0.23355187	-0.22029494	-0.011497072	-0.10190123	0.3077039
-0.11567645	0.11243159	-0.29916516	0.15205112	-0.021514602
-0.14683929	-0.30343905	-0.0021453737	0.13047725	0.3210223
-0.12628555	0.026102379	-0.0073816814	-0.059159495	-0.024117306
-0.31186637	-0.30204803	-0.21067959	0.11132566	0.39905643
0.55190533	0.3623058	-0.1251535	0.29147407	-0.25336564
0.081096515	0.24130133	-0.1590831	0.020196091	-0.024954552
-0.006920784	0.5834063	-0.6698606	0.40169138	-0.06494931
0.27832827	0.41677982	-0.3102076	0.21616697	-0.24973285
-0.18334882	-0.1131161	-0.031945016	-0.0744596	0.17689128
-0.6130801	0.25116187	-0.055572324	-0.4768321	-0.23458365
0.033827312	-0.47526285	0.2488603	0.09273874	0.46032697
0.573988	0.23096412	-0.48904565	0.695007	0.05512549
-0.103470765	0.40133676	-0.002792447	-0.2821961	-0.33073708
-0.03354117	0.2880333	-0.16980194	0.040458262	-0.19813946
-0.5488079	-0.31125632	0.070375375	-0.36244804	0.2971721
0.062146295	0.10278686	-0.15954678	0.11116214	0.025854645
0.037065044	-0.027405698	0.085865445	-0.23911905	-0.12375298
-0.004017764	-0.29094487	0.048240718	0.15949813	0.25651005
-0.03767078	-0.16681819	0.20061201	-0.1471009	0.14859328
0.17363746	-0.3712246	-0.1211317	0.38860837	0.36194465
0.29061702	-0.4038292	0.2739778	0.1385319	0.34418678
0.3018452	-0.16943763	0.08346113	0.2809482	0.23738828
0.38492686	0.18793675	-0.1000876	0.23153117	-0.18808104
-0.07060472	-0.085176125	-0.059822727	0.17104182	0.115053125
-0.07256099	-0.09104264	-0.21686572	0.085627414	0.19742464
0.16387224	-0.18914321	0.4355049	0.064512916	0.06819104
0.38339666	-0.06930066	0.22667599	-0.041399524	-0.024165638
0.6043089	0.33858895	-0.1326186	0.34442487	-0.2768262
0.061069254	-0.25552607	-0.05354417	0.24131192	0.3091167
-0.03784102	-0.04552593	0.19289285	-0.10640413	0.08807961
0.395129	-0.11121566	0.25590867	-0.016414005	0.08758025
0.17621143	-0.23293026	0.22269687	-0.11924247	0.1973305
0.095497355	-0.06644031	-0.22763677	0.1521478	0.04777832
-0.58879906	-0.7061874	0.34556594	-0.3846585	0.6639215
-0.16575004	0.07557869	0.23333494	-0.4177087	-0.25290662
0.03754088	0.055618998	-0.06551487	0.03320061	-0.12313826
0.5368334	0.025501043	-0.22061653	0.39977735	0.05177305
0.048495375	-0.30882227	0.24257264	0.09192938	0.34029517
-0.042459205	-0.07578139	0.32364884	-0.2180244	-0.06312841
0.205531	0.19095245	-0.33281156	0.32134148	-0.18195167
-0.33378175	-0.071982525	-0.12119011	-0.13217168	0.18164392
0.45939618	0.17112917	0.07102826	0.08781999	-0.12891796
-0.35141996	-0.21542479	0.3419602	-0.3550618	0.10283595
-0.04652252	0.7733686	-0.78347206	0.34405157	-0.38275206
0.44610232	-0.34475538	0.5258091	-0.26059428	0.2839037
0.37466744	-0.11546866	0.30587015	-0.12843028	0.11737826
-0.47403848	-0.38206178	0.09751464	-0.3382895	0.41767532
-0.29773483	0.045867812	-0.22174838	0.26539403	0.04204261
0.46331996	-0.1578134	0.27893808	0.17884196	0.1091754
-0.12377883	0.41777226	-0.3950792	0.23297934	-0.07762741
-0.23805545	-0.24368145	0.18853597	-0.21534707	0.18029942
0.016618881	0.043982673	-0.0005353093	-0.013015032	-0.009828903
0.071315326	-0.22259203	-0.19894162	0.24524216	0.3962791
-0.24522145	0.28259104	-0.38517883	-0.06521131	-0.23835792
0.08293227	-0.37794816	0.20460269	0.08534069	0.38654366
-0.26086846	-0.17188294	0.24813542	-0.27571943	0.18489046
-0.23163463	-0.14694895	0.21476088	-0.3126653	0.09188219
-0.31899503	0.32892522	-0.55981326	0.022185927	-0.21082446
-0.38879457	-0.25360438	0.44215655	-0.43625244	0.07836807
-0.21860908	-0.15381786	0.18882255	-0.2334235	0.1292845
0.16686298	-0.044083286	-0.20401466	0.20973527	0.16477905
0.39473557	0.24320665	-0.08762896	0.2435229	-0.2135654
0.25902662	-0.30755073	0.36473513	-0.17029916	0.12436108
-0.007364452	-0.045837756	0.2126355	-0.16610642	0.027446613
-0.2256879	0.100694075	-0.45157486	0.056603808	-0.1213353
0.065345354	-0.39632124	0.17628825	0.1952555	0.37625706
-0.054184213	0.6457006	-0.6900792	0.37485304	-0.036681764
0.2710161	-0.2721996	0.33212084	-0.09858311	0.18049629
0.085779764	-0.20487177	0.22503178	0.006309508	0.15280646
-0.19125508	0.17022361	-0.49642515	0.06490125	-0.12973732
0.3147182	-0.2126445	0.112846896	0.084143996	0.257563
-0.24086921	0.1784145	0.09552496	-0.25027955	-0.28363225
0.26059014	0.17461011	0.1365882	-0.18578808	-0.13961124
0.12983708	-0.23269707	0.2943909	-0.11447648	0.20762141
0.037863526	0.008978546	-0.022831202	0.047453497	0.020126555
0.2559853	-0.28933188	0.17049995	0.13408819	0.3001682
-0.13420558	-0.19537683	-0.15246013	0.030714078	0.31528428
-0.33160523	0.27180603	-0.5443855	0.028366953	-0.23218633
-0.04898506	-0.264173	0.0667445	-0.011586909	0.29085147
0.28749785	0.16267014	0.09552066	0.03368494	-0.20301011
-0.17225155	-0.20683917	-0.06825894	0.09623742	0.27050817
-0.005664986	0.55190754	-0.6908591	0.3702839	-0.086573504
-0.24539739	-0.0032749467	-0.103756145	-0.09065724	0.15384093
-0.008985227	0.26120403	-0.31833962	0.31193697	-0.11475384
-0.18112312	-0.13228945	0.13680264	-0.19186741	0.07989229
0.5939033	0.2684345	-0.16134079	0.5955806	-0.28683054
-0.38293818	-0.27421132	0.41129905	-0.40224776	0.11342424
-0.21442525	0.18702635	-0.44933385	0.14106505	-0.03636742
-0.2796559	-0.1425164	0.23524491	-0.20099221	0.15017337
-0.084653065	-0.18716171	0.21069205	-0.15651919	0.21424963
0.41166845	0.017706262	0.21386425	-0.03938361	-0.16040616
-0.2508584	0.15405062	-0.17290103	-0.27673125	-0.1992572
-0.10560937	-0.08755768	-0.099992834	-0.055035364	0.13268368
0.4549652	-0.46502253	0.48476678	-0.02161512	0.21540484
-0.054915115	0.57864827	-0.62600124	0.41060552	-0.10011531
0.29707453	0.1981332	0.04030549	0.05906162	-0.23753813
-0.06134605	0.5244026	-0.16978888	-0.21322511	-0.4900929
-0.24597885	-0.21336526	0.18547016	-0.27521497	0.16184142
0.34141475	-0.24784683	0.33668602	-0.23386645	0.11119212
-0.11949401	0.36820757	-0.54030854	0.22365907	-0.30085078
-0.26161832	-0.20344567	-0.14743546	0.1312666	0.30884856
0.42020455	-0.14153787	0.35836652	0.27175784	-0.115848735
-0.13537489	-0.3930807	0.20853248	-0.010711953	0.44632137
-0.25718597	-0.33695605	-0.09076763	0.07553408	0.3715861
-0.16898152	-0.35542062	-0.016622353	0.13645391	0.35928807
0.57926196	0.55665284	-0.20413138	0.23972695	-0.58843154
0.4091103	-0.20347328	0.3836373	-0.2055462	0.17942838
0.13178326	-0.20805463	-0.08269062	0.19754666	0.20564604
0.31773967	0.2628964	-0.15374553	0.23897609	-0.24393418
0.3384886	0.0842294	0.09097476	-0.0759366	-0.06932292
-0.19929662	-0.19849262	-0.16300316	0.123360515	0.26379713
0.28650385	-0.2568121	0.33851784	-0.132116	0.2065673
0.33781704	0.19331187	-0.0003249508	0.10549783	-0.23148228
-0.21270029	-0.29031387	0.035684444	-0.034542788	0.25743973
0.5571171	0.3642616	-0.31839448	0.46485996	-0.30581793
-0.12568934	0.28913823	-0.2969251	0.10983101	-0.21293391
-0.068995714	0.3665887	-0.25130022	0.03197986	-0.4659007
0.055062257	0.40478325	0.016813595	-0.2643046	-0.3907916
0.19738024	-0.20644653	0.11163335	0.017182985	0.3034549
0.018868169	0.16277902	-0.30328456	0.23597665	-0.15171887
-0.15528859	-0.27712473	0.17262006	-0.16376862	0.28697303
-0.04284344	-0.008216571	0.027718212	-0.040242374	-0.0072082877
0.04721571	-0.019689668	0.043944422	0.021759856	-0.0037230141
-0.27205303	-0.3709686	-0.021464411	0.0025180175	0.35826838
0.21813796	-0.18011895	0.15283068	0.0066783847	0.10047322
-0.0625164	0.63210475	-0.68905795	0.3675333	-0.054307044
0.039391417	-0.18725997	0.16204438	-0.068548314	0.091856904
0.0076371897	0.49206597	-0.10155365	-0.2597226	-0.5065584
-0.12709849	-0.07517935	0.00929283	0.008911653	0.14736368
-0.26741025	-0.1695107	0.2651402	-0.316399	0.044907045
-0.2216182	0.5691565	-0.08187642	-0.44935742	-0.5594527
0.046385992	0.039903436	0.04217012	0.029755507	-0.03857113
0.14796597	-0.02446504	-0.20195705	0.2156439	0.1843556
0.21886148	-0.29728353	0.34743714	-0.21903001	0.21582976
-0.06287446	0.63927454	-0.6304624	0.35166493	-0.07580084
0.119511485	-0.20227922	0.21939714	-0.09465095	0.23180184
-0.23703894	-0.21421783	0.35432452	-0.359073	0.108389154
-0.17017442	-0.018810999	-0.06088949	-0.054879535	0.074474566
0.020406757	-0.21951206	-0.022960331	0.089300305	0.26637146
0.04839276	0.16796614	-0.47269186	0.43943223	0.03344459
0.30932015	0.095282815	-0.16711661	0.35962734	-0.09262876
0.6072752	0.4030464	-0.6200291	0.6096	-0.23881568
0.02698927	-0.010790873	0.03804059	-0.0029715076	-0.019244934
0.047383953	-0.03852854	0.033775974	-0.008522999	0.033028852
0.00907893	-0.25306174	0.2689933	-0.20273668	0.2632964
0.24937925	-0.22044908	-0.3123493	0.46512452	0.30143481
0.032402877	-0.048389863	0.033714566	-0.0046305433	0.03787036
0.3456888	-0.1246294	0.18101963	-0.07156028	0.1395926
0.26829368	0.21417047	-0.08333721	0.15114021	-0.10619254
-0.054329302	-0.25084943	0.32303658	-0.2245944	0.26549497
0.42620984	0.5026251	-0.59242487	0.569798	-0.18496448
0.120730534	-0.12923484	-0.24605128	0.22732468	0.25291514
-0.03609216	0.42700225	-0.46928218	0.28581572	-0.084963165
0.14200108	-0.22453612	-0.16633347	0.3211066	0.2771665
0.016232576	0.008143283	0.033344377	0.025440458	-0.026868094
0.64584875	0.5550434	-0.4184576	0.3206755	-0.5293773
0.6234142	0.5039314	-0.36010426	0.37922338	-0.5196243
-0.0650231	0.6171722	-0.6666595	0.36558068	-0.030407017
-0.23038752	-0.2480565	-0.51017094	0.14247115	0.29346088
0.09621211	0.49507925	0.010590283	-0.032285254	-0.4566816
0.12801874	-0.20377146	0.2714527	-0.14694782	0.23888958
0.51002765	0.31636998	-0.4395893	0.59617084	-0.15338153
-0.09282522	0.32848334	-0.23835403	0.18173625	-0.05723134
-0.45705396	-0.46582893	0.21270293	-0.23323493	0.4628109
-0.2754399	-0.32238066	0.025483562	-0.046582233	0.35853216
-0.25804433	-0.17033327	0.18944742	-0.27602825	0.16223244
0.052910753	0.057212956	0.12396991	-0.093069166	-0.11818044
0.015894089	-0.3838928	0.37942448	-0.35858983	0.29499093
-0.105208546	0.32183522	-0.5279681	0.25104746	-0.017377233
-0.01946388	0.0577807	-0.06773599	0.0514064	0.013871938
-0.14037378	0.55063516	-0.56684923	0.2144411	-0.2810701
-0.16141754	0.11996286	-0.10353068	-0.28878406	-0.12232399
0.0039582467	0.5741666	-0.65558195	0.36998838	-0.047496557
0.48767748	0.36621293	-0.16532317	0.15826966	-0.37603936
-0.01786561	0.01627015	0.007204853	-0.043909695	-0.04994985
0.03336067	0.0355312	-0.07475992	0.009895891	0.08218895
-0.07504644	0.60839295	-0.574818	0.2366575	-0.26413625
0.33294895	0.16313784	-0.0020893815	0.058570493	-0.25511178
-0.19732882	0.110939935	-0.5261803	0.116995834	-0.09213069
-0.018923236	-0.008045472	0.047687445	0.007649444	0.046064828
0.33048704	-0.06940768	0.19030431	0.0025777253	0.09887915
-0.3416368	-0.45715305	0.6140697	-0.49779493	0.24128659
-0.21535861	0.66049576	-0.6702724	0.23214573	-0.22560401
0.015402716	0.106043994	-0.06408837	0.088373795	0.07741662
-0.28230897	-0.20583005	0.023618257	-0.033913206	0.3103645
-0.14985216	-0.04905555	0.1168226	-0.16672443	0.072415955
-0.0633361	-0.25807208	0.17386423	-0.2094807	0.20250909
-0.29771805	-0.19966704	0.30513763	-0.33110178	0.23153484
0.3148597	-0.30281824	0.30460152	-0.08345719	0.1712549
-0.01345777	-0.27910295	0.24294354	-0.1745411	0.2745455
0.36535284	-0.13715495	0.29156014	0.021475239	-0.0070632123
0.45138842	0.09010023	0.14993899	-0.0038420109	-0.1269475
0.026099721	0.48131073	-0.41459906	0.19124947	-0.29415992
-0.17681295	-0.22045913	-0.098139614	0.028804542	0.30466458
0.010298355	0.5720977	-0.61450964	0.39671358	-0.074072145
0.0416175	-0.014419556	-0.018093813	-0.0075255856	0.024964724
0.41900814	0.10725129	0.08754906	0.056825925	-0.05545225
-0.084390886	-0.29279843	0.2874683	-0.19136208	0.24762721
0.032414928	-0.18717903	-0.29237872	0.22656982	0.4653804
-0.34360602	-0.2498184	0.23421496	-0.26849428	0.1706678
0.57099146	0.11618533	-0.0002876421	0.5763737	-0.06961573
-0.19490688	-0.12930593	0.28257647	-0.29105768	0.0032365143
0.4688985	0.44537637	-0.5125808	0.5794865	-0.15714899
0.49149996	0.36846003	-0.355697	0.46183854	-0.43132266
-0.3159971	-0.29923078	-0.09752685	0.06894586	0.40299556
0.033775818	-0.029458547	0.019776408	-0.009481467	-0.044624962
0.03948972	-0.011691928	0.0087727085	0.04289153	0.004510142
-0.1632619	-0.20097609	-0.1456067	0.071664184	0.19382939
-0.12868668	-0.27602774	-0.24853456	0.15296642	0.33421236
-0.154357	0.31175834	-0.30380318	0.016414907	-0.3480562
-0.06748307	-0.27022544	0.027993727	0.019500708	0.37772033
-0.09545511	-0.2566616	-0.061393633	0.093149684	0.36054635
-0.0725059	0.1067873	-0.1336038	-0.048084915	0.14473294
-0.15807152	-0.40487334	-0.032444853	0.026430514	0.4084448
-0.02246589	0.5795984	-0.63480234	0.35627735	-0.07881766
0.2666133	0.039155517	0.14229321	0.022223903	0.05193043
-0.23206647	-0.015360467	-0.2990718	0.09779182	0.056727048
0.33380216	0.22768891	0.016526852	0.02680717	-0.24825703
-0.13617584	-0.09031984	0.15550582	-0.22311114	0.017035328
0.31731534	0.23110978	0.056837056	-0.007962911	-0.20808364
-0.13298352	-0.31048656	-0.07290259	0.0020403622	0.28145736
-0.08704802	0.4798482	-0.42041257	0.37240207	-0.3024405
0.34227702	-0.16246927	0.2476504	-0.050273173	0.13284871
-0.2512571	-0.15071614	0.17542067	-0.24159382	0.13759354
-0.12167059	-0.33210513	-0.010858477	0.023583291	0.36037904
-0.37814647	-0.2266084	-0.042874914	-0.07170034	0.30214402
-0.2791254	-0.1669671	0.21338351	-0.18003981	0.12928285
0.10724591	-0.18987432	0.2811411	-0.14818121	0.1832271
-0.28962192	0.39582652	-0.5250257	0.17082939	-0.11096389
0.06428096	0.21956344	-0.008143143	-0.09035738	-0.23505142
-0.16795643	-0.075178094	-0.32098037	0.08148697	0.029248338
0.53090185	0.2175186	-0.11933438	0.4390706	-0.25662196
0.018949162	-0.018196166	0.048898246	0.04618329	0.030481782
-0.36475745	-0.2898335	0.14440751	-0.1670013	0.36158922
-0.088522576	0.39902878	-0.47321218	0.38571358	-0.28078976
0.34261712	0.02337879	0.18704283	-0.05993165	0.027210165
0.5337088	0.17269509	-0.20385064	0.49495226	-0.08739891
-0.0717473	-0.40569595	0.42011118	-0.2515731	0.3351513
0.046069432	0.01714367	0.040847037	-0.03492812	-0.010615848
0.04596496	0.0231889	-0.029134357	0.04327241	0.033921275
0.012107898	-0.03926506	-0.018576872	-0.016085543	-0.041536905
0.10417236	-0.16070862	0.19658218	-0.07964638	0.13404858
-0.09886757	-0.03686692	0.019557353	0.007886878	0.0941225
0.3530163	-0.23828219	0.31965676	0.1220457	0.02974341
-0.36250275	0.43687445	-0.50627345	0.14283432	-0.11622233
0.0028874136	0.45909292	-0.46354783	0.21269117	-0.28111467
0.049105894	0.043830883	-0.011256516	-0.029178787	-0.008200981
-0.2073399	-0.21327296	-0.12061856	0.07294433	0.3309229
-0.14813066	-0.15316628	-0.10767442	0.051497146	0.3090071
0.312818	0.2399539	-0.13821697	0.21735834	-0.17447205
0.0025282279	0.0464429	-0.036029864	-0.028926397	0.013161574
0.03560089	-0.031753674	-0.049749684	0.0379933	0.025142375
0.037936483	0.024074923	-0.021902634	0.04435802	0.03538506
-0.092867024	-0.03249902	0.016909713	-0.010883444	0.14932585
0.24119903	-0.05641884	-0.16785817	0.2983373	0.19240293
-0.33009732	-0.124679804	0.3379048	-0.3500645	0.06455881
-0.06509355	-0.084052905	-0.026524173	0.0065722014	0.17717163
-0.01439352	0.028321479	0.029824387	-0.007807851	-0.047025193
-0.12669806	-0.32384536	-0.087776005	0.02180549	0.3184856
0.11412812	-0.16120185	0.18238573	-0.05672463	0.12786515
0.1503	-0.17247681	0.23168445	-0.12210636	0.11855589
-0.27824032	-0.16311695	0.22380331	-0.2778148	0.1592189
-0.32584456	-0.33433476	-0.24566232	-0.23025787	0.38785562
-0.19662897	-0.19134642	0.16256547	-0.24867903	0.14591603
-0.34200808	-0.12546982	0.30499518	-0.3425485	0.06631086
-0.153727	-0.081628874	0.18630783	-0.26001617	0.0004667494
-0.023349615	-0.2124132	0.23551236	-0.20910646	0.1280861
-0.04834911	0.032546345	0.0202672	-0.045874882	-0.038872946
0.0021337501	-0.10728412	-0.24875063	0.25646213	0.2167994
0.23563316	-0.43099213	0.47127852	-0.21137421	0.29757565
0.024120953	0.008645929	-0.034504104	-0.01142434	-0.024861014
-0.39270312	-0.26257056	-0.3873677	-0.012406644	0.2613776
0.29369175	0.14029397	-0.020565141	0.11459013	-0.17931691
0.029406335	0.02585316	-0.021652235	-0.0020335913	-0.041142892
0.04872134	0.019946907	0.02022953	-0.046100583	-0.042974915
-0.045715	0.008914866	-0.03693385	-0.008410763	0.02179325
0.30694893	0.34784704	-0.37499204	0.37544706	-0.21683325
0.3674197	-0.24041156	0.40736634	0.07406171	-0.075649664
-0.18744099	-0.13543068	-0.10846591	0.0073100184	0.2813207
0.048821304	-0.042984318	0.027216103	-0.02680397	0.025311712
0.019745003	-0.016453266	-0.028848326	0.01730695	0.019507054
0.15820813	-0.113525406	0.1334388	-0.06279603	0.0899802
-0.17172429	-0.1405453	-0.09327361	0.075507194	0.34353033
0.009466469	-0.024879659	-0.031041479	-0.004104696	-0.0066465363
-0.06647531	-0.055923752	0.1304951	-0.16354845	0.051421437
0.36032644	0.17657985	-0.04375651	0.08643319	-0.1458754
-0.03888596	-0.14874552	-0.25481153	0.228812	0.18861397
0.13213453	-0.21448174	0.048330836	0.32759562	0.25090438
0.27625585	-0.051745858	-0.08098047	0.28946584	0.13547455
-0.021641934	0.0010523573	-0.023913933	0.04456344	0.033991184
-0.024713347	0.47146794	-0.4030611	0.3045749	-0.05868671
0.1685385	-0.20646968	-0.15762512	0.37397528	0.29073974
-0.032029107	0.43194342	-0.4911508	0.24158537	-0.060565658
0.3122672	0.14648584	0.064951725	0.049387645	-0.13857923
-0.3028642	-0.17167212	0.25410587	-0.3667785	0.09978365
-0.021948112	-0.04008814	0.020375613	-0.025652528	0.04823346
0.35998484	0.11739862	0.0453942	0.08822979	-0.1149611
-0.008107029	-0.01998428	0.017698016	0.037485782	0.009285927
0.01670548	-0.044378806	-0.045955647	-0.00736022	0.04740348
0.008294154	-0.016680598	-0.03284873	-0.0059157014	-0.030155564
0.18352315	-0.35592434	0.35220492	-0.3032169	0.32729512
0.13955535	-0.2219833	0.1845282	-0.06705302	0.17777398
0.14476366	0.19758861	-0.0011757469	-0.1253704	-0.2241892
0.3467343	0.06710939	0.18211351	-0.017414672	0.05388312
0.3038762	-0.19428238	0.24270366	-0.072166085	0.15139589
0.012536634	-0.021848416	0.038306203	-0.048499204	0.005105663
0.041652862	-0.008923531	0.021868397	0.0058180094	-0.023975993
-0.102573134	-0.12120439	0.104777895	-0.11947927	0.15588652
0.4717925	0.2810855	-0.22872007	0.27016833	-0.2519392
0.0648919	0.24271141	0.27023116	-0.3237337	-0.47634593
-0.031496838	-0.031008685	0.0058616176	0.031457532	-0.011995353
-0.045241725	-0.3193291	0.28644118	-0.25544158	0.2056974
-0.3858403	0.2928371	-0.36509064	-0.30634505	-0.21865833
0.17106923	-0.24992579	0.25157875	-0.0440943	0.1685961
-0.13538904	-0.11824679	-0.033777926	0.011731892	0.1791425
-0.37211818	0.28163055	-0.20467417	-0.19077538	-0.24470668
0.37352082	-0.22524942	0.15085517	0.10571478	0.07844026
-0.3344926	0.20098092	-0.22728139	-0.25868848	-0.24748772
-0.0062837973	0.043146912	0.01324686	0.021146957	-0.011605799
-0.12718885	-0.11032536	-0.20040256	0.067429595	0.26177317
-0.27667746	-0.3121618	0.14935559	-0.24796282	0.36878413
-0.10913111	-0.05504338	-0.2947271	0.16172256	0.054202575
-0.49040443	-0.20252912	-0.33774433	-0.07540078	0.23075143
0.37024066	0.18839265	0.2711986	0.25516477	-0.21906133
0.3350716	0.019933226	0.09287381	-0.11633069	-0.020677015
-0.20726854	-0.31351438	-0.024937358	-0.040020667	0.28375998
0.14004114	0.19700746	-0.018173276	-0.11928643	-0.21900891
-0.2519895	-0.34231988	-0.2449451	0.137338	0.34665826
-0.04239985	-0.026263738	0.031135563	0.018377963	0.0013873093
0.33992603	0.16267323	0.17671795	-0.1593046	-0.16017054
-0.030972779	0.011610948	-0.04592029	0.010863852	0.024744537
-0.045091797	-0.034503557	-0.004791938	0.017160464	-0.031710614
0.009141218	0.03750516	-0.029222263	0.041014347	-0.031192197
0.034870896	0.027749041	-0.34649482	0.31046465	0.15154658
0.34075627	0.19973494	0.21222347	-0.10022212	-0.2813871
0.29187006	-0.17450075	0.24861403	-0.036855865	0.19078417
0.51131386	0.13593842	-0.18614484	0.48589972	0.13644482
0.048473965	0.03388418	0.00652064	0.048392605	-0.03342072
-0.026044501	-0.049848307	0.02079362	0.04841396	-0.04812292
-0.018176507	-0.04078529	0.010737311	0.039767746	-0.017629456
-0.044990897	0.016203728	0.04590248	-0.004031658	-0.04727701
0.2807516	-0.18800153	0.267806	-0.025002917	0.19218545
0.30899176	0.16781853	-0.023895996	0.13120091	-0.14355248
-0.16244762	-0.16569328	-0.076680414	0.00929119	0.34620053
-0.31929135	-0.19083783	0.005829396	-0.062415805	0.31073454
0.36046216	0.19036081	-0.09194716	0.15090065	-0.13223992
-0.09223293	0.41974443	-0.44156352	0.24118108	-0.045864005
0.049822196	0.40318432	-0.47680846	0.2385354	-0.08526158
-0.17249623	-0.19771321	0.1377747	-0.1656638	0.1711569
0.006504465	0.044713054	0.023743127	-0.021634508	0.003968764
0.07776888	-0.21989675	0.022091124	0.38371795	0.25794616
-0.120107785	-0.23536508	-0.122518696	0.10918853	0.23511288
-0.38506043	-0.35422325	0.38523552	-0.43883723	0.24112403
-0.0981859	-0.070231505	0.15958531	-0.25447324	0.041459672
0.28319564	-0.15873803	-0.04274496	0.31707105	0.17380297
-0.0023195783	-0.141762	-0.26185468	0.2841494	0.23884724
0.3802778	-0.06369772	0.3249725	0.21041736	-0.19829017
0.0917177	-0.2405374	-0.0974998	0.36027688	0.23085797
-0.16782261	-0.08633778	-0.30391556	0.17456737	0.063710585
-0.2440185	0.2745251	-0.43833184	-0.19660337	-0.20220326
0.017334614	-0.021471739	0.02046192	-0.018726923	-0.04837631
0.002751194	-0.044166435	-0.027102923	0.04781804	0.046243776
0.018237803	-0.04720023	-0.02233472	-0.04242548	-0.034273542
-0.4362243	-0.43543297	0.19965892	-0.2805908	0.47206602
0.30840352	-0.041698202	0.12595646	-0.054774202	-0.01144971
-0.32013944	0.32560235	-0.068710335	-0.31950375	-0.3712831
0.033562604	-0.019731402	-0.047540464	0.020003293	0.03011049
-0.09614899	-0.06911019	0.12406906	-0.10051079	0.16035478
-0.14961067	-0.090827525	-0.20930782	0.18419024	0.07877196
-0.005035579	0.043961715	0.042295884	0.038969662	0.006698668
0.051213395	0.27535886	0.21430635	-0.35126984	-0.46703187
0.3629267	0.1962725	-0.08097259	0.14045914	-0.1764476
0.021383513	0.029141609	-0.011963487	-0.005139876	0.027249303
-0.03289764	-0.014500357	-0.036877073	0.02305137	0.032961044
-0.12445662	-0.09889906	0.107278734	-0.16828333	0.06671408
-0.0047886334	-0.2975526	0.3379613	-0.26283252	0.28910875
0.099396214	-0.15086225	0.27064607	-0.1359101	0.11532046
-0.07526735	-0.11584299	0.015349415	-0.00044799485	0.18330407
0.5033254	0.21178627	-0.44607842	0.47816437	-0.053500585
-0.18699846	-0.080330774	0.090732165	-0.1908086	0.08710314
0.14133562	-0.19464421	0.13227482	-0.059463482	0.17899658
-0.035496853	0.039312426	0.038211	-0.015725076	-0.012012817
-0.21912286	-0.30560005	-0.0303136	-0.05348288	0.3015136
-0.18402795	-0.10016796	0.20403716	-0.23980562	0.09475812
-0.3052321	0.29351377	-0.38066074	-0.21976098	-0.2770709
-0.0062600835	-0.2488035	0.33558345	-0.21940249	0.2557141
-0.024819374	-0.040970396	0.016254496	0.01330347	0.025691573
-0.035048913	0.045727003	-0.029735757	0.02721313	0.013963882
-0.014610231	0.0027664416	-0.01628822	-0.027988328	-0.027041567
0.30179608	0.14932472	0.17068319	-0.16136868	-0.18665184
0.35334623	0.1157904	0.06681174	0.05618341	-0.07699564
-0.24867417	-0.19344494	0.12555803	-0.24102432	0.19790901
0.4012949	-0.3551036	0.45543194	0.016399644	0.13841628
-0.30017343	-0.22801153	-0.031510826	-0.06514815	0.33586726
-0.12815735	-0.3479867	0.098726384	0.102136075	0.37306577
0.40606722	0.21030603	-0.06610522	0.19799167	-0.25870165
-0.046405926	0.46935707	-0.49207288	0.2930758	-0.05833984
-0.18269591	-0.13000938	-0.24868299	0.1205379	0.115527526
0.029781606	0.020194296	0.030463662	-0.043933477	0.04260571
0.35477802	-0.032815244	0.36444494	0.28477973	-0.2551649
0.13407317	-0.22857805	0.26189223	-0.06072588	0.1466375
0.33942717	0.24528	0.015671741	0.015159785	-0.2218756
0.047707763	0.022272121	0.0028036349	-0.030279899	0.0063243993
0.33389217	-0.06733089	0.21394882	-0.055892076	0.094724335
-0.32855472	-0.3082309	-0.10605938	0.10761508	0.28446317
-0.4161303	-0.44269747	0.20455693	-0.43387204	0.4169003
-0.121435985	-0.055347465	0.039236557	-0.07502083	0.10444773
0.42325506	0.09878443	-0.069863334	0.43626872	-0.039139792
0.06268483	-0.07179936	-0.24607529	0.19696225	0.2552757
0.010859555	0.20413221	0.2635556	-0.34411082	-0.43486452
-0.31122664	-0.20637675	0.25166845	-0.35519153	0.15081386
-0.0048614964	-0.0025625117	-0.016268205	-0.027854657	0.02982277
0.2876176	-0.025520427	0.13809519	-0.087437674	-0.018964801
0.33334813	-0.003556984	0.17387262	-0.09573724	-0.022461243
0.01194036	-0.030952383	-0.0038627163	-0.004666019	0.049415004
-0.048795737	0.040683065	-0.014750373	0.019621555	0.013747659
-0.12879157	-0.106637195	0.1173568	-0.11264091	0.01863523
-0.044660844	-0.04613323	-0.045632172	-0.047388304	0.015255917
-0.11268233	-0.10661142	0.15777859	-0.15816985	0.042591374
0.39325097	0.34598443	-0.38201967	0.34955403	-0.19823764
-0.2734789	-0.22507162	0.05159923	-0.12172918	0.3233177
-0.19119638	0.28046238	-0.30609035	0.043602087	-0.25924847
-0.00041382769	-0.31009072	0.25263163	-0.22981568	0.2843761
-0.18661249	-0.048652347	-0.112142794	0.04186645	0.16794859
0.29663935	0.003489304	0.23746519	0.15965322	-0.07569838
0.1311903	-0.16206722	0.21704979	-0.1868705	0.2097698
-0.11478622	-0.13109107	-0.20600834	0.1886132	0.08251217
0.011301219	-0.0171008	-0.016719688	0.022205744	0.031138036
-0.13201533	-0.10657937	-0.19748485	0.11534279	0.10764541
-0.040684115	-0.045694556	-0.004723262	-0.035492826	0.020843696
0.30323768	0.15960628	0.030666608	0.11244564	-0.08849928
0.15796027	-0.33410016	-0.054647956	0.2892664	0.32076734
0.12526359	-0.28427398	0.25407156	-0.08306383	0.16678362
0.00091105705	0.15092911	-0.19781308	0.045002736	-0.18511857
0.086647496	-0.18998817	0.18604895	-0.066012174	0.17183399
-0.02448144	0.0007094629	0.015682463	-0.0046492815	-0.005117774
-0.015429579	0.041168917	-0.036486365	0.03418683	0.038398053
0.10898559	-0.19593817	0.27244627	-0.08390944	0.20491219
0.016491938	0.031589437	-0.019850433	-0.033619307	0.0241558
-0.30536044	-0.17951354	0.26533854	-0.3083962	0.1217314
-0.012362383	-0.046137463	0.045624558	0.03317422	-0.015292395
0.296356	0.20755434	0.14652754	-0.1515394	-0.12896632
0.3203062	0.18555617	0.12344993	-0.13431515	-0.13819973
0.18430994	-0.40998608	0.47025105	-0.30068633	0.33464494
-0.3674296	0.30012518	-0.41702682	-0.11643031	-0.28388807
0.0018155351	-0.04644189	-0.047231317	0.02706733	0.040579047
-0.031617213	0.019055609	0.035976622	0.024670865	0.020267513
-0.10014641	-0.27201605	0.18637694	0.031421214	0.2487831
0.22092374	-0.15974993	0.19817345	-0.07418223	0.106206276
-0.01686851	0.041087713	-0.04941937	0.04372445	-0.0007347092
-0.12091081	-0.35298407	-0.013533557	0.21352157	0.30595413
-0.13993268	-0.18068597	-0.3302692	0.2586672	0.24829894
0.08488165	-0.13381316	0.12603916	-0.056176838	0.11812925
0.12312792	-0.24056682	0.26763833	-0.21211985	0.15596275
-0.23720804	-0.2111725	0.23334704	-0.24600442	0.19561346
0.39858207	0.06942937	-0.16591641	0.40188834	0.19417685
-0.0035957992	0.4282889	-0.4475459	0.33747986	-0.20524144
0.39950186	0.06797206	0.056232333	-0.09965657	-0.07129385
-0.08091517	-0.17659973	0.18150315	-0.15765762	0.20412126
-0.08648104	-0.34618482	-0.03629917	0.01435678	0.32370633
-0.031048238	0.017703604	-0.04752476	0.041244652	0.035134364
-0.040380277	0.0340554	-0.017943144	0.0041455403	0.006569244
0.063560545	0.37944645	0.0156110665	-0.10396843	-0.44868976
0.03406466	0.0045506135	0.030592594	0.044368472	0.033077326
-0.058298618	0.41522086	-0.40490416	0.25392517	-0.3032041
0.44624713	0.3509013	-0.20579934	0.29955158	-0.3237879
-0.36944345	0.24530725	-0.23204538	-0.3244631	-0.17016362
-0.103045374	-0.21303354	-0.3648616	0.36991364	0.32283172
-0.25056803	-0.36094406	0.11721971	-0.13361406	0.31569552
-0.11326018	-0.3320602	-0.02534973	0.02331948	0.34633955
0.09644275	0.2697484	-0.02075958	-0.126827	-0.16464874
-0.21958758	-0.39905745	-0.12808225	0.3912798	0.36964533
-0.0031586178	-0.020915747	0.0051976927	0.001885999	0.0393962
-0.3581153	0.22671469	-0.22813031	-0.30902222	-0.19200738
0.047699187	0.021355618	-0.020713223	-0.02356385	0.0017671362
-0.0044260025	0.047207583	-0.02025783	0.046142567	-0.017540872
-0.04973433	0.022229064	-0.021897746	-0.008412756	-0.017161764
0.1474238	-0.20688935	0.16229846	-0.09469769	0.1231242
-0.071103014	-0.09242765	-0.19977817	0.27361813	0.16770302
-0.09799256	-0.32790527	-0.07640235	0.05059309	0.29940283
-0.10276271	-0.26845425	-0.011403942	0.0052770423	0.35844496
0.27699086	-0.041101523	0.130276	-0.1071017	0.013277161
-0.43049186	0.25770858	-0.35107213	-0.26975933	-0.2627278
-0.020858968	-0.017403949	0.028074194	0.03130087	-0.041879166
-0.26876438	-0.1764481	0.027218744	-0.089195035	0.2556547
-0.0036059262	0.45238632	-0.47079736	0.23970354	-0.056463785
0.04780865	-0.023148334	-0.03814279	-0.006257426	-0.03968493
-0.40231442	0.34498528	-0.34437162	-0.30627173	-0.20292589
-0.3205501	-0.17017418	0.26959062	-0.27287364	0.19525488
-0.025023568	-0.04377488	0.012325503	-0.04291425	-0.01931038
-0.2162198	-0.17243782	-0.1178597	0.062067986	0.25193876
0.41451812	0.07828695	-0.16499966	0.48622176	0.26024717
0.022583695	-0.17688069	0.2153127	-0.10317739	0.15436353
0.04439345	0.402124	0.016061382	-0.28736603	-0.40901113
-0.21794309	-0.16433519	-0.16296898	0.14414914	0.32740432
0.3401585	0.11108634	-0.031754237	0.11184469	-0.1752308
-0.058181237	0.4759725	-0.48718244	0.3011131	-0.070313044
0.3711733	0.083669536	0.14840803	-0.035257563	-0.21462964
0.46313328	0.0413257	-0.15465502	0.45118982	0.240948
-0.04328659	0.14688562	-0.11399255	0.0014722256	-0.05514356
-0.01596848	-0.019553483	-0.02849722	0.020603511	-0.043967545
-0.24194531	0.1775436	-0.2501277	-0.1297759	-0.15363804
0.0070490465	0.009552192	0.041770052	-0.01867392	-0.03928814
0.33725962	-0.18672225	0.2024033	-0.13128535	0.116877526
0.012717407	0.39090773	0.054262668	-0.1153909	-0.4720844
-0.19820878	-0.1784145	-0.06496996	0.062251724	0.33203787
-0.13690636	-0.24611467	-0.082555376	0.0625616	0.26496643
-0.01887441	-0.24422976	0.3619475	-0.23534514	0.20588897
0.110126264	-0.06843098	-0.119708315	0.32928246	0.18064645
-0.250537	-0.22019467	0.34938312	-0.31510273	0.18680938
-0.011085187	-0.29506576	0.28653133	-0.20192534	0.24262492
0.0048353784	-0.005349554	-0.012555145	-0.019134391	-0.023770465
0.3250598	-0.078034714	0.24116307	-0.121822864	0.110991605
0.36261237	-0.08128205	0.25619274	-0.01995346	0.09484967
0.08295238	-0.25498885	0.23329791	-0.12571304	0.22580823
0.303622	0.13754041	-0.024743488	0.1603198	-0.17554696
-0.0032821894	0.0033476353	0.013145041	-0.047934618	-0.006396305
-0.12717654	-0.26503664	-0.079081014	0.007037437	0.29572618
0.03652875	0.44060028	0.055754088	-0.08305906	-0.43824324
-0.040827073	0.03478506	0.04806668	0.036513817	-0.010389578
-0.14565554	-0.2412176	-0.19841576	0.14407098	0.24696448
-0.1523169	-0.24434835	-0.0710906	0.06806862	0.2796982
0.01900122	0.047646824	-0.042822648	-0.032004703	0.042177726
-0.42318183	0.26839504	-0.21262027	-0.20344438	-0.32377082
0.42493367	0.11633891	0.26141647	0.29212758	-0.185324
0.30496687	0.20849761	0.15694709	-0.16432442	-0.14008541
0.3787645	0.26606613	-0.07100062	0.20165193	-0.2817766
-0.2026684	-0.24263746	-0.11543524	0.041491266	0.24299489
0.0043201223	0.40608424	-0.4582056	0.19847183	-0.28330687
0.37419268	0.20001112	0.07743208	0.04505029	-0.22595541
0.021450292	0.0055047385	0.017866101	-0.0016370043	-0.01564746
0.29185653	-0.14894195	0.22212945	-0.015019948	0.17991509
0.04685768	0.012255013	0.0015819892	-0.031634584	0.04435196
0.26424745	-0.14175281	0.2253124	-0.18200512	0.05692971
0.26198635	0.19157684	0.15710221	-0.10817892	-0.11397186
0.023738017	0.426355	-0.43527883	0.24941263	-0.23362173
-0.30471787	-0.30237132	-0.05873112	-0.077600144	0.30302876
0.017704714	0.042574335	0.031318728	0.02964269	-0.044419527
0.4407969	0.22661878	-0.44015962	0.48103553	-0.011056988
0.016600344	0.0023005605	-0.026189268	-0.025070418	-0.025674833
-0.2824225	-0.24689691	-0.081922784	0.0022168902	0.2730898
-0.3829965	-0.4341497	0.30094528	-0.3669653	0.40568805
-0.18662839	-0.14303829	-0.27878422	0.15972354	0.112717606
-0.25591916	-0.24602807	0.027837016	-0.061062258	0.35249195
-0.043687284	0.39088953	-0.4264942	0.24802141	-0.31899086
-0.25482762	-0.28082633	-0.072747804	-0.054696083	0.28777814
-0.32970902	0.33231986	-0.39928737	-0.21437728	-0.26512033
-0.26304588	-0.36201918	0.0792749	-0.1424287	0.30454952
0.593738	0.16993795	-0.21468963	0.5317974	-0.09171287
-0.25433138	-0.15793778	0.17772502	-0.19490953	0.20338915
-0.038293995	0.04577264	-0.012117423	0.010577608	-0.045526277
-0.027925527	0.044715967	-0.012202941	-0.04014937	0.002370119
-0.2872494	0.45716038	-0.51341707	-0.03349325	0.003916474
-0.0884695	0.45071942	-0.4698613	0.358751	-0.29310188
-0.026840186	0.020738278	0.017990362	0.012344886	0.025245775
-0.06752002	0.2951474	-0.3988525	0.34181637	-0.16401576
-0.032535374	-0.017930903	0.025535654	0.021115948	0.016025756
-0.22105859	-0.22079344	0.25021142	-0.28144136	0.12292037
0.195999	-0.33530942	0.33249092	-0.26250544	0.33240283
0.21697621	-0.2219384	0.2707461	-0.09614831	0.13159065
-0.34838238	0.37673908	-0.23652665	-0.37755212	-0.34181523
0.09564394	-0.21818002	0.25467503	-0.06736097	0.08514101
-0.06856986	-0.23910698	-0.15663724	0.22161941	0.2983835
0.115925565	-0.30275592	-0.109315224	0.30137974	0.33968854
0.44616783	0.13571657	-0.07026839	0.35056463	-0.07460503
0.10725108	-0.32472646	0.362047	-0.22859082	0.25182468
0.044903222	-0.026300622	0.014000881	-0.045684196	-0.03618549
-0.15005763	-0.1665137	-0.15922624	0.16712235	0.30378458
0.034141846	-0.24922004	0.3507606	-0.29850477	0.2546625
-0.09461166	-0.38487113	0.41066486	-0.26045346	0.36707354
-0.29686216	-0.2087819	0.23746453	-0.21984796	0.1949451
0.4378619	0.10684043	-0.07239139	0.41972694	-0.09441211
-0.44233158	-0.45301875	0.3356182	-0.40992665	0.42003873
-0.013124894	0.032504115	-0.031549834	-0.045753695	0.039889906
0.37480646	-0.0766932	0.24954963	0.05619469	0.08431911
-0.18190221	-0.119277336	0.112031356	-0.18337242	0.06922325
-0.112206474	-0.2750077	-0.19350092	0.15775517	0.24052691
-0.23911579	-0.16827466	0.18956763	-0.30659872	0.2157384
-0.12780274	0.26096115	-0.32062197	0.043730315	-0.2020107
0.07721318	-0.14549594	0.16213672	-0.09156755	0.17404418
-0.010067497	0.43895984	0.005359747	-0.31093913	-0.4704905
-0.3448407	0.29104957	-0.20667402	-0.2471029	-0.17975931
0.03062041	0.48355013	-0.47921565	0.2861428	-0.2915865
-0.054025706	0.43506712	-0.4859585	0.38159466	-0.28702387
0.3163315	0.09290404	0.17025813	0.2485375	-0.18030658
-0.4416362	0.32796302	-0.3945779	-0.29826647	-0.245003
0.035699256	0.4757565	-0.42510647	0.21817221	-0.02538384
0.3625936	-0.094509356	0.2167097	-0.023099285	0.14714758
-0.21116863	-0.25652093	-0.13101739	0.002627139	0.30464906
0.010280737	0.39862657	-0.43922114	0.28556684	-0.236701
-0.018029235	0.022603896	-0.04652493	-0.036454737	0.017445277
-0.037136715	0.44549206	-0.42336178	0.2582341	-0.28921744
-0.27565393	0.40261534	-0.44718498	-0.09857961	0.007518948
-0.1986107	-0.16643572	0.14350724	-0.26165166	0.14259236
-0.048849262	-0.0041059963	-0.04609822	-0.034018934	0.021017168
0.35993975	0.05955594	0.12952292	0.042683546	0.06614607
0.46038458	0.19575305	-0.42579257	0.5339866	-0.074400514
0.4635823	0.18106456	-0.40038362	0.44698307	-0.02819143
-0.012421809	0.004494678	0.011875749	-0.008102678	0.044984583
-0.2804317	-0.27311102	0.32852215	-0.32847205	0.11659097
0.13392752	-0.26703	-0.11884792	0.33148956	0.2420947
0.048914682	0.045979526	-0.034880232	0.020444337	0.023556259
0.34028724	0.18147163	-0.05341247	0.1766078	-0.15517893
-0.15387502	-0.24160153	-0.119826354	-0.021278275	0.3066942
0.3335251	-0.12267244	0.20896988	0.014527727	0.16512276
-0.4066347	0.27867416	-0.34944186	-0.2915343	-0.28326112
-0.0006475225	-0.044210326	-0.0046210513	-0.037548292	0.0023131147
-0.08690838	-0.20630929	0.19099393	0.092472695	0.29143524
0.2582121	-0.20383665	0.22847222	-0.11572411	0.1410725
0.25038904	0.077415735	-0.4056084	0.42985225	0.03337271
0.3600105	-0.12696727	0.21225122	0.22840971	-0.12583412
-0.029406762	-0.010457765	0.00957223	-0.03826326	-0.029575337
0.17446455	-0.24238987	0.3129382	-0.06651191	0.1291342
0.032287646	-0.04150188	0.003947556	0.004914582	-0.000926625
0.16736928	0.2905218	-0.26672992	0.2330983	-0.25038567
-0.24178481	-0.34300742	0.013441999	-0.0663847	0.31568846
-0.3188955	-0.23125388	-0.024946535	-0.046189092	0.29071635
-0.049492944	-0.016784884	-0.0027334094	0.011529408	-0.04367466
0.1709137	-0.26193377	-0.09314674	0.3602329	0.3247689
-0.19469029	-0.23841426	-0.20005226	-0.02168068	0.28527775
-0.026135838	-0.0041410327	0.047292817	-0.04478822	0.03489318
0.20768179	-0.15124759	0.16078298	-0.071096614	0.082298525
0.51173365	0.23496199	-0.27075973	0.5077548	-0.1092507
0.15462269	-0.07265843	-0.16435987	0.37974283	0.11784085
0.14406	-0.2891347	-0.15901823	0.32274693	0.26896495
-0.00455172	-0.02832079	-0.033598207	-0.045088995	-0.022746742
0.021609908	0.014631287	-0.3555152	0.31358528	0.16846266
-0.06382883	0.39077	-0.46314123	0.25869316	-0.19472969
0.086450234	-0.12738676	-0.079640135	0.22277015	0.24390528
0.3214165	0.22581984	-0.28785765	0.36370838	-0.20647363
0.065201074	0.360688	-0.4486066	0.29604372	-0.33485717
-0.37164307	0.454634	-0.4887515	0.19909962	-0.06411596
0.044008207	0.00224185	0.046414647	-0.0325071	0.035966758
-0.33490577	-0.2611676	0.2212714	-0.26991066	0.2370607
-0.06456362	-0.1855577	-0.06445599	0.030404508	0.26437947
-0.12565261	-0.0522184	0.2747427	-0.2645837	-0.03315616
-0.102505356	-0.119095385	0.08666269	-0.16013506	0.063759945
-0.24332504	-0.2340448	-0.16059862	0.13815764	0.23393463
-0.16335975	-0.2685997	-0.041191723	0.030020945	0.35596836
-0.037092052	-0.038767457	0.0037954561	-0.02394718	0.0014518015
0.077992484	0.38457277	-0.3864097	0.20487727	-0.32521644
0.38009086	-0.13428147	0.22883925	-0.066511706	0.08481694
0.34310257	-0.042309135	0.2125854	-0.0067898873	0.012934086
0.48001704	0.07767746	0.3729849	0.35632026	-0.22900586
0.15300307	-0.22230308	0.23813656	-0.16992535	0.13379604
-0.2631207	-0.21788287	-0.12777972	0.12913145	0.26737255
0.1543034	-0.25645655	0.27718315	-0.11389625	0.24621505
-0.13986506	-0.15094677	-0.10287695	0.028509213	0.28903303
-0.14350806	-0.075552575	0.09964296	-0.1118309	0.055137023
0.024123017	-0.020451188	0.014118616	-0.048862446	0.004070211
-0.032007337	-0.1808386	0.13030691	-0.14654815	0.15490499
-0.19443649	-0.19187741	-0.07488761	0.04896312	0.25059792
-0.1582539	-0.21873905	-0.08265395	0.019947719	0.26464403
0.3054321	-0.16334191	0.29895958	0.2005056	-0.13262397
0.036232878	0.024300385	-0.04039278	-0.00581776	-0.022031153
-0.041720785	0.038935754	-0.03940933	0.0010129437	0.04751159
0.04316857	0.039570678	-0.012407564	0.014105942	-0.0019199736
0.030993748	-0.007089328	-0.024484588	-0.0068075545	-0.045410287
0.04070021	0.017845523	0.025684606	0.029063616	0.0050354823
0.09338914	-0.23055989	0.24990094	-0.1185192	0.2444739
-0.025878442	-0.023192871	0.0010649785	-0.007741619	-0.015663039
-0.050118815	-0.21359123	0.23658596	-0.23400754	0.19069213
-0.18115915	-0.2530822	-0.13242722	0.09407826	0.28351015
-0.40824765	-0.22769867	-0.36918956	-0.057461776	0.25769603
0.41796637	-0.27978265	0.39129746	0.16139245	-0.165384
0.026069714	0.40132955	-0.39230922	0.28828743	-0.050646372
0.33535898	0.1518101	0.0872591	-0.049059592	-0.06592687
-0.16303352	-0.19673665	-0.14634317	0.010567908	0.28866732
-0.042826295	0.004908897	0.018861558	-0.010659207	0.032991197
-0.30137414	0.4019106	-0.46102977	-0.12133923	-0.021763887
-0.028432386	0.48844275	-0.43425924	0.21471058	-0.10158981
-0.012450856	0.41853806	-0.46039343	0.3028043	-0.2394313
-0.07914312	-0.4287053	0.42013985	-0.26291537	0.3155881
0.012498915	0.036324646	0.0014755726	0.03816812	-0.0055166595
-0.15478913	-0.26591468	-0.12753531	0.044193808	0.27003145
0.07263935	-0.16138767	0.18268804	-0.13374254	0.10719836
-0.13884595	-0.31872392	-0.0014621591	0.018944087	0.2712657
0.25337014	0.2152158	0.11012099	-0.14084633	-0.10936544
-0.3625314	0.32938197	-0.37789094	-0.07543804	-0.30163118
-0.10001329	-0.16749947	0.17998071	-0.1925953	0.11495737
-0.32917878	-0.20951174	0.27219775	-0.31379914	0.24878159
0.12127414	-0.15178783	0.22884427	-0.14335169	0.20914377
-0.10080458	0.37494704	-0.42805612	0.19297804	-0.087853424
-0.013495922	0.021187078	0.027508166	0.026231337	0.0378117
0.17053077	-0.27628785	0.26421562	-0.11192812	0.18406376
0.34848946	-0.42879027	0.3847767	-0.33056328	0.39241594
0.14257771	-0.23464961	0.18041141	-0.09111632	0.20785576
-0.0750005	-0.117028885	0.020772109	-0.028789224	0.16801885
